id;year;text;tags;places;source;kind;publish;note
1001;1939;Рудник имени Кличмана на Белой Горе: за 1932–1941 годы добыто 910,577 кг золота. В 1939 году сделан первый подсчёт запасов месторождения — 26 469,7 кг золота при среднем содержании 1,94 г/т.;industry;Чля;ОЧЕРК;документ;да;"В хронологии (запись 1934 года) рудник на Белой Горе назван открытым в 1934-м; по очерку добыча шла с 1932 года."
1002;1938;В 1936–1938 годах Дальневосточное геологическое управление провело предварительную и детальную разведку Николаевского месторождения железных руд: оно признано вполне промышленным — 15 млн тонн руды со средним содержанием железа 40 %.;industry;Николаевск;ОЧЕРК;документ;да;
1003;1952;Сформирована партия № 506 (Агние-Афанасьевская) под руководством геолога В. Р. Поликанова: поиски редких металлов и олова в Бичи-Лимурийском междуречье. Из этой партии выросла Нижне-Амурская экспедиция.;industry;;ОЧЕРК;документ;да;
1004;1954;В полевой сезон 1953–1954 годов при поисках пьезокварца канавами вскрыли фрагмент Главной рудной зоны будущего Многовершинного месторождения (Кварцевая Сопка). Пьезокварца не нашли, а золотое месторождение тогда распознано не было — его откроют через пять лет.;industry;Многовершинный;ОЧЕРК;документ;да;
1005;1955;Партия № 506 вышла на северные склоны хребта Чаятын: найдены урано-ториевое рудопроявление Малютка и обломки галенита — начало открытия Чаятынского полиметаллического месторождения, с которого началась разведка Нижнеамурья.;industry;;ОЧЕРК;документ;да;В очерке приводятся две версии последовательности находок.
1006;1957;Летом в долине реки Берёзовки построен базовый посёлок Чаятынской партии на 150–200 человек: дробильный цех, спектральная лаборатория, камеральное помещение, медпункт. Число рабочих выросло с 30 в начале года до 170 в декабре. В середине декабря закончен зимник от Новой Фермы на Амуре до нового посёлка.;industry,living;;ОЧЕРК;документ;да;
1007;1957;В начале октября приказом начальника Дальневосточного геологического управления В. А. Ярмолюка создана Нижне-Амурская геологоразведочная экспедиция. Начальником назначен А. Ф. Дымнов, главным геологом — Н. В. Огнянов.;industry,power;;ОЧЕРК;документ;да;
1008;1958;"В январе–феврале в колхозном посёлке Сусанино начато строительство базы экспедиции: посёлок выбран за развитую инфраструктуру, близость Анненских Вод и зимнее воздушное сообщение с городом. Построены дизельная электростанция, мехцех, гараж, пилорама, контора; к маю готово общежитие и заложены жилые дома «таёжного» типа.";industry,living;Сусанино;ОЧЕРК;документ;да;
1009;1959;К весне в Сусанино построены 30 стандартных жилых домов, пекарня, баня, клуб, столовая, камеральное помещение и несколько буровых вышек. По воспоминаниям, к началу 1960 года все семьи экспедиции были расселены по отдельным квартирам.;living;Сусанино;САЛИХОВА+МЕМУАРЫ;воспоминание;да;Два независимых свидетельства: книга Салиховой и сборник мемуаров.
1010;1962;В июне отряд Тиссовской (с 1963 года — Улской) партии начал первые поисковые работы на Многовершинном рудопроявлении: тремя магистральными канавами вскрыта зона с промышленными содержаниями золота — будущее рудное тело «Верхнее».;industry;Многовершинный;ОЧЕРК;документ;да;
1011;1963;В июне при строительстве зимника по Амуру под лёд провалился бульдозер, погибли машинист и помощник — первый в истории экспедиции несчастный случай со смертельным исходом. Начальника экспедиции Дымнова сняли с должности, экспедицию возглавил С. С. Дарбинян.;industry,power;Сусанино;ОЧЕРК+МЕМУАРЫ;документ;да;В мемуарах говорится, что погибли главный механик и бульдозерист, и называют зиму 1963 года.
1012;1963;Ведущий специалист управления по золоту М. И. Козлов, побывав на Многовершинном участке, дал крайне неблагоприятное заключение и предложил прекратить работы. Руководство управления разрешило продолжить поиски ещё на год.;industry;Многовершинный;ОЧЕРК+МЕМУАРЫ;документ;да;
1013;1964;Полноценные поиски проведены на площади около 4 км² вдоль Главной рудной зоны. В канаве № 124 вскрыто рудное тело «Центральное» с видимым золотом. Начальник управления В. А. Ярмолюк решил перейти к предварительной разведке и создать Многовершинную партию (начальник В. А. Комаров). В одних источниках партия создана в конце 1964 года, в других — 10 февраля 1965 года.;industry;Многовершинный;ОЧЕРК+САЛИХОВА+МЕМУАРЫ;документ;да;Расхождение в дате: конец 1964 или 10 февраля 1965 (в хронологии есть обе записи).
1014;1964;"В. А. Комаров начал строить стационарный посёлок геологов на Многовершинном месторождении; до этого работы велись сезонно из палаточного лагеря. Посёлок вытянулся в одну улицу вдоль ручья Улчёнок.";living;Многовершинный;ОЧЕРК;документ;да;
1015;1966;"Во время лесного пожара посёлок геологов на Многовершинном почти полностью выгорел; к концу 1967 года он был восстановлен. С 1968 года начато строительство «нового посёлка».";living;Многовершинный;ОЧЕРК;документ;да;
1016;1967;Главный изыскатель и строитель М. И. Кутья проложил летнюю автодорогу Чля — Многовершинный по гребням водоразделов через седловину Орёл — Бекчи. Зимой из-за заносов бензовозы шли кружным путём, а летом посёлок мог рассчитывать только на вертолёт и два бензовоза.;living;Чля,Многовершинный;ОЧЕРК;документ;да;
1017;1968;"По книге Салиховой, 5 сентября база экспедиции перевезена из Сусанино в Красное; в этом же году в Красном построена первая улица двухквартирных домов из бруса и заложен первый восьмиквартирный двухэтажный кирпичный дом со всеми удобствами, кроме горячей воды.";living;Красное,Сусанино;САЛИХОВА+ОЧЕРК;документ;да;Даты переезда расходятся: приказ о передаче техники — 30 мая 1967 года, «Красносельский период» по очерку — с 1969, последние сотрудники переехали осенью 1970.
1018;1968;Первая учительница посёлка Многовершинный Г. А. Журавлёва (она же библиотекарь и почтальон) учила двух первых учениц у себя на квартире. В июле 1969 года открылась начальная школа.;school;Многовершинный;ОЧЕРК;документ;да;
1019;1971;К Новому году жители Многовершинного получили в подарок первое почтовое отделение.;living;Многовершинный;САЛИХОВА;воспоминание;да;
1020;1973;Сданы в ГКЗ СССР запасы первой очереди Многовершинного месторождения. В 1973–1974 годах введены три общежития на 60–80 мест каждое («крейсеры»), но они несколько снизили остроту жилищной проблемы и одновременно ухудшили обстановку в посёлке.;industry,living;Многовершинный;ОЧЕРК;документ;да;
1021;1974;17 июня «новый» посёлок Многовершинный (в просторечии «Вершинка») получил статус самостоятельной административной единицы Николаевского района. Первыми «коренными» жителями стали новорождённые Анатолий Решетько и Татьяна Терещенко (регистрационные номера 1 и 2).;power;Многовершинный;ОЧЕРК;документ;да;Уточняет запись 1974 года, где сведения о Маго и Многовершинном слиты.
1022;1975;"В 1975–1976 годах в Многовершинном возведены первые двухэтажные сборно-щитовые строения; на смену закопчённым домам «таёжного типа» появляются дома из бруса на 1–2 семьи.";living;Многовершинный;ОЧЕРК;документ;да;
1023;1977;С 1 апреля по 1 мая — раздел Нижне-Амурской экспедиции: поисково-съёмочные партии и цеха, базировавшиеся в Красном, переданы другим организациям, руководство переведено в Многовершинный. К концу года в Многовершинном построены четыре общежития на 60 мест, клуб на 300 мест, детский сад, временная водонасосная станция, заложен фундамент средней школы.;industry,living;Многовершинный,Красное;ОЧЕРК+САЛИХОВА;документ;да;
1024;1979;31 августа состоялось торжественное открытие рабочего движения по автодороге Николаевск-на-Амуре — Многовершинный: в посёлок вошла колонна около 40 автомашин. Представители города и района заложили первый кирпич в здание золотоизвлекательной фабрики. До этого дорога была проезжей до Чля (1977) и до реки Тяпка (1978).;living,industry;Чля,Многовершинный;ОЧЕРК+САЛИХОВА;документ;да;В хронологии запись 1976 года о дороге к Чля расходится с этими датами.
1025;1981;Лабораторный комплекс экспедиции, размещавшийся в казармах военного городка в Красном, выселен по решению Министерства обороны СССР и переведён в Многовершинный.;industry;Красное,Многовершинный;ОЧЕРК;документ;да;
1026;1984;"С января вновь объединены части Нижне-Амурской экспедиции, базирующиеся в Красном; начальником назначен В. К. Брехов. Зимой в мороз заложен фундамент 12-квартирного кирпичного здания.";industry,living;Красное;ОЧЕРК;документ;да;
1027;1986;"В Нижне-Амурской экспедиции работают 927 человек; все работники обеспечены жильём разной комфортности и рассчитывают на улучшение жилищных условий. К началу 1990-х в Красном вырастает целая улица 2–3-этажных жилых домов.";living;Красное;ОЧЕРК;документ;да;
1028;1994;В начале года ликвидировано Нижне-Амурское государственное горно-геологическое предприятие (бывшая экспедиция): из 450 числившихся ранее работников 150 перешли в ЗАО «Дальневосточные ресурсы».;industry;Красное;ОЧЕРК;документ;нет;Вне хронологических рамок проекта (1918–1991) — на сайт не выводится.
1029;1972;Министр геологии СССР А. В. Сидоренко посетил Многовершинное месторождение и посоветовал перебросить средства с авиаперевозок на строительство автодороги.;power;Многовершинный;ОЧЕРК+МЕМУАРЫ;документ;нет;Даты визита расходятся: 1972 (очерк), «1973?» и 1974 (мемуары, Салихова).
1030;1969;"По воспоминаниям геолога, при найме на работу в Нижне-Амурскую экспедицию (трудовой договор на три года с 19 мая 1969 года) оклад молодого специалиста составил 105 рублей плюс 50 рублей районного коэффициента; дорожные расходы (авиабилеты на 50–60 рублей) возмещались.";industry;Красное;МЕМУАРЫ;воспоминание;да;Речь о геологах экспедиции, а не обо всех работниках города.
1031;1984;По воспоминаниям сотрудницы экспедиции, с 1 февраля 1984 года старшему инженеру-картографу установлен оклад 160 рублей.;industry;Красное;МЕМУАРЫ;воспоминание;да;Речь о сотруднике экспедиции, а не обо всех работниках города.
