"id";"year";"group";"scope";"what";"value";"unit";"source";"event"
"h01";"1920";"город";"город";"уцелело домов после пожара (по Ковальчуку)";"37";"домов";"М. А. Ковальчук";"1174"
"h02";"1923";"город";"город";"домов по переписи, из них временных (землянки, мазанки и др.) 43 процента";"1 235";"домов";"М. А. Ковальчук";"1174"
"h03";"1942";"город";"город";"исполком краевого Совета отпустил на капитальный ремонт жилого фонда";"140";"тыс. рублей";"Красный маяк, 1942";"1068"
"h04";"1949";"область";"Нижнеамурская область";"построено и введено жилой площади за год";"17";"тыс. м²";"Хронология автора";"270"
"h05";"1950";"город";"город";"построено и сдано жилой площади за год (и более 300 индивидуальных домов)";"11";"тыс. м²";"Хронология автора";"284"
"h06";"1950–1955";"судозавод";"судостроительный завод";"построено домов, в них квартир";"747 (89 домов)";"квартир";"«На крайнем Востоке России», 1990";"1175"
"h07";"1957";"город";"город";"сдано жилой площади за год";"4,9";"тыс. м²";"Хронология автора";"355"
"h08";"1958";"порт";"морской порт";"строится восьмиквартирных домов";"8";"домов";"Хронология автора";"361"
"h09";"1962";"город";"город";"введён 64-квартирный дом";"64";"квартир";"Хронология автора";"398"
"h10";"1960-е";"судозавод";"судостроительный завод";"сдано домов, в них квартир";"418 (8 домов)";"квартир";"«На крайнем Востоке России», 1990";"1176"
"h11";"1966–1970";"не уточнено";"территория не уточнена";"введено жилой площади за пятилетку (запись о леспромхозе)";"52,16";"тыс. м²";"Хронология автора";"477"
"h12";"1970";"посёлки";"Маго и Лазарев";"введено зданий, в них квартир (благоустроенных 228)";"390 (59 зданий)";"квартир";"Хронология автора";"479"
"h13";"1970-е";"судозавод";"судостроительный завод";"сдано домов, в них квартир";"412 (4 дома)";"квартир";"«На крайнем Востоке России», 1990";"1176"
"h14";"1977";"город";"город";"семей живут в благоустроенных квартирах (около)";"4 000";"семей";"Хронология автора";"548"
"h15";"1978";"судозавод";"судостроительный завод";"построено благоустроенных квартир к этому году";"700";"квартир";"Хронология автора";"559"
"h16";"1980-е";"судозавод";"судостроительный завод";"сдано домов, в них квартир";"597 (9 домов)";"квартир";"«На крайнем Востоке России», 1990";"1176"
"h17";"1983";"город";"город";"годовой ввод жилья доведён до";"40,8";"тыс. м²";"Хронология автора";"611"
"h18";"1984";"город";"завод «Мобиль»";"проектная мощность завода (равна десяти стоквартирным домам)";"50";"тыс. м² в год";"Хронология автора";"612"
"h19";"1986";"город";"город";"первый панельный дом серии «Мобиль» (Сибирская, 130)";"90";"квартир";"Хронология автора";"636"
"h20";"1990";"судозавод";"судостроительный завод";"благоустроенных домов в заводском посёлке, общая площадь 64 536 м²";"23";"дома";"«На крайнем Востоке России», 1990";"1176"
"h21";"1990";"судозавод";"судостроительный завод";"в очереди на улучшение жилья (около 4 000 человек)";"1 124";"семьи";"«На крайнем Востоке России», 1990";"1176"
"h22";"1990";"судозавод";"судостроительный завод";"срок ожидания квартиры, по словам авторов книги";"15–20";"лет";"«На крайнем Востоке России», 1990";"1176"
"h23";"1990";"судозавод";"судостроительный завод";"завод строил квартир в год в среднем";"100";"квартир";"«На крайнем Востоке России», 1990";"1176"
"h24";"1990";"судозавод";"судостроительный завод";"человек ежегодно пополняли очередь";"90";"человек";"«На крайнем Востоке России», 1990";"1176"
