level;years;name;note
okrug;1926–1929;Афонин Сергей Михеевич;
okrug;1929–1933;Масленников;сведений в сборнике нет
okrug;1933–1934;Селянин;сведений в сборнике нет
oblast;1934–1935;Кантер Оскар Кристапович;
oblast;1935–1936;Вяткин;сведений в сборнике нет
oblast;1936–1938;Толпыго Борис Вячеславович;
oblast;1938–1942;Зыкин Прокопий Миронович;
oblast;1942–1947;Никонов Фёдор Иванович;
oblast;1947–1950;Афанасьев Павел Яковлевич;
oblast;1950–1954;Устинов Владимир Кузьмич;
oblast;1954–1955;Горнов Н. А.;сведений в сборнике нет
oblast;1955–1956;Есауленко Константин Евгеньевич;сведений в сборнике нет
raion;1928;Трудолюбов;сведений в сборнике нет
raion;1929;Пупков;сведений в сборнике нет
raion;1929;Емельянов;сведений в сборнике нет
raion;1929;Минеев;сведений в сборнике нет
raion;1930–1932;Смолин;сведений в сборнике нет
raion;1933;Цапурин;сведений в сборнике нет
raion;1933;Юрзанов;сведений в сборнике нет
raion;1933–1936;Озимин Василий Дмитриевич;сведений в сборнике нет
raion;1936–1938;Леденев Иван Ильич;сведений в сборнике нет
raion;1938;Шарабарин;сведений в сборнике нет
raion;1939–1943;Бохан Сергей Нестерович;сведений в сборнике нет
raion;1943–1946;Долгов;сведений в сборнике нет
raion;1946;Уваров Андрей Петрович;сведений в сборнике нет
raion;1946–1950;Пономаренко Андрей Савельевич;
raion;1950–1956;Заусаев Константин Андреевич;
raion;1956–1960;Иванов Борис Кузьмич;
city;1927–1930;Наймушин Емельян Романович;
city;август–декабрь 1934;Тимофеев Пётр Иванович;
city;1934–1936;Белозеров Роман Николаевич;
city;1936;Ольшанный;сведений в сборнике нет
city;1936;Демичев Г. Г.;сведений в сборнике нет
city;1936–1937;Пуминов П. И.;
city;май–ноябрь 1937;Данилов Николай Алексеевич;сведений в сборнике нет
city;1938;Лазарев Пётр Евгеньевич;сведений в сборнике нет
city;1938–1940;Дмитриев;сведений в сборнике нет
city;1940–1945;Афонин Николай Тимофеевич;сведений в сборнике нет
city;1945–1947;Налютин Михаил Фёдорович;
city;1947–1950;Логак Измаил Шемильевич;
city;1950–1955;Иванов Борис Кузьмич;
city;1955–1958;Алянчиков Николай Андреевич;
city;1958–1959;Дельнов Фёдор Филиппович;
city;1959–1961;Храмцов Константин Иванович;
city;1961–1965;Воевода Полина Деомидовна;
city;1965–1968;Храмцов Константин Иванович;
city;1968–1973;Вожевитов Александр Михайлович;
city;1973–1981;Голоднов Эдуард Борисович;
city;1982–1996;Лящевский Анатолий Евменович;
city;с 1996;Войцеховский Владимир Сергеевич;после советского периода
