"id";"kind";"name";"opened";"year";"place";"about";"author";"fate";"note";"source";"events";"poi";"pin";"street"
"m01";"памятник";"Памятник Г. И. Невельскому (до революции)";"лето 1915";"1915";"городской сквер (сейчас Пионерский парк)";"Открыт в ознаменование столетия со дня рождения Г. И. Невельского, основателя Николаевска-на-Амуре.";"";"Что стало с этим памятником, в указателе не сказано.";"Столетие со дня рождения Невельского (1813 год) приходится на 1913 год, а в указателе стоит 1915: год нужно сверить.";"Библиографический указатель «Николаевск-на-Амуре и Николаевский район» (1990), с. 142";"";"";"";""
"m02";"памятник";"Памятник В. И. Ленину в городском сквере";"1 июля 1949";"1949";"городской сквер";"Памятник В. И. Ленину, открытый в городском сквере.";"";"В 1975 году памятник перенесён на городскую площадь.";"";"Библиографический указатель «Николаевск-на-Амуре и Николаевский район» (1990), с. 144";"1098";"";"";""
"m03";"памятник";"Памятник Г. И. Невельскому";"13 августа 1950";"1950";"Николаевск-на-Амуре (место в указателе не названо)";"Памятник основателю города, открытый в день 100-летия Николаевска-на-Амуре.";"скульптор Л. М. Бобровников";"";"В указателе есть снимок памятника (с. 35, подпись: «Открыт 13 августа 1950 г. Скульптор Л. М. Бобровников»). На карте он связан с точкой «Памятник Г. И. Невельскому» из OpenStreetMap; что это тот же памятник, по документам не проверено.";"Библиографический указатель «Николаевск-на-Амуре и Николаевский район» (1990), с. 144 и 35";"1099";"Памятник Г. И. Невельскому";"";""
"m04";"доска";"Мемориальная доска Н. М. Пржевальскому";"25 сентября 1953";"1953";"здание кинотеатра «Родина»";"Путешественнику, географу, писателю, исследователю Центральной Азии и Уссурийского края; он жил в Николаевске-на-Амуре шесть месяцев 1868 года.";"";"";"Календарь знаменательных дат называет 11 сентября 1953 года.";"Библиографический указатель «Николаевск-на-Амуре и Николаевский район» (1990), с. 145; календарь «Знаменательные и памятные даты Хабаровского края в 2013 году», с. 78";"1088";"Кинотеатр «Родина»";"";""
"m05";"доска";"Мемориальная доска А. П. Чехову";"11 сентября 1953";"1953";"место в источнике не названо";"Мемориальная доска писателю А. П. Чехову.";"";"";"Известна только по календарю знаменательных дат (запись за 11 сентября); указатель 1990 года о ней не сообщает.";"Календарь «Знаменательные и памятные даты Хабаровского края в 2013 году», с. 78";"1088";"";"";""
"m06";"знак";"Памятная стела в городском сквере";"23 сентября 1967";"1967";"городской сквер";"Открыта в честь 45-летия освобождения Николаевска-на-Амуре от белогвардейцев и интервентов.";"";"";"";"Библиографический указатель «Николаевск-на-Амуре и Николаевский район» (1990), с. 146";"1102";"";"";""
"m07";"знак";"Гидрографический знак";"1967 (барельеф – 1970)";"1967";"угол улиц Советской и Читинской";"Установлен в дни 50-летия Октября; в 1970 году, к 120-летию города, на нём закрепили бронзовый барельеф Г. И. Невельского, основателя гидрографии на Нижнем Амуре.";"";"";"";"Библиографический указатель «Николаевск-на-Амуре и Николаевский район» (1990), с. 146";"1102";"";"corner:Советская улица|Читинская улица";"Советская улица|Читинская улица"
"m08";"памятник";"Памятник односельчанам, погибшим в годы Великой Отечественной войны";"1970";"1970";"посёлок Маго";"Памятник жителям Маго, погибшим в годы войны.";"";"";"";"Библиографический указатель «Николаевск-на-Амуре и Николаевский район» (1990), с. 146";"1103";"Маго";"";""
"m09";"памятник";"Памятник Г. И. Невельскому и его спутникам";"12 сентября 1971";"1971";"Петровская коса";"Открыт на месте первого поселения участников Амурской экспедиции (29 июня 1850 года).";"";"";"";"Библиографический указатель «Николаевск-на-Амуре и Николаевский район» (1990), с. 146";"1104";"";"";""
"m10";"знак";"Мемориальный комплекс «Памяти борцов, погибших за победу Советской власти на Нижнем Амуре в 1918–1922 гг.» («Скорбящая мать»)";"12 сентября 1972";"1972";"Пионерский парк";"Открыт к 50-летию освобождения Дальнего Востока от интервентов и белогвардейцев.";"";"";"Название «Скорбящая мать» взято из подписи к снимку в указателе (с. 39); надпись на плите на снимке соответствует названию комплекса. На карте показан объект «Скорбящая Мать» из OpenStreetMap; его совпадение с комплексом документом не подтверждено.";"Библиографический указатель «Николаевск-на-Амуре и Николаевский район» (1990), с. 146 и 39";"1105";"";"osm:Скорбящая Мать";""
"m11";"памятник";"Памятник воинам-землякам в селе Чля";"3 сентября 1965";"1965";"село Чля";"Павшим на фронтах Великой Отечественной войны; закладка состоялась 9 мая 1965 года.";"А. М. Набиулин, учитель школы села Чля";"";"В указателе у записи не повторён год; отнесено к 1965 году по порядку записей и по дате закладки. Фамилия автора на снимке страницы читается плохо (Набиулин; возможно, Набиуллин): нужна сверка.";"Библиографический указатель «Николаевск-на-Амуре и Николаевский район» (1990), с. 145";"1101";"Чля";"";""
"m12";"доска";"Мемориальная доска Герою Советского Союза Г. Е. Попову";"в канун 30-летия Победы (1975)";"1975";"улица Попова (бывшая Ремесленная)";"Улица получила имя Героя 13 марта 1965 года.";"";"";"О подвиге Г. Е. Попова в наших источниках пока нет сведений.";"Библиографический указатель «Николаевск-на-Амуре и Николаевский район» (1990), с. 145";"1100 1107 474";"";"";"улица Попова"
"m13";"памятник";"Памятник В. И. Ленину в посёлке Лазарев";"октябрь 1975";"1975";"центральная площадь посёлка Лазарев";"Открыт к 58-й годовщине Октября.";"";"";"";"Библиографический указатель «Николаевск-на-Амуре и Николаевский район» (1990), с. 147";"1107";"";"";""
"m14";"доска";"Мемориальная доска на месте партизанского штаба";"25 октября 1977";"1977";"здание, построенное на месте партизанского штаба, сожжённого в 1920 году";"В марте 1920 года здесь размещался штаб партизанской Красной армии Николаевского фронта; в ночь на 12 марта 1920 года находившиеся в нём партизаны подверглись нападению японских войск. В горящем здании погибли 11 партизан во главе с начальником штаба, коммунистом Тихоном Ивановичем Наумовым.";"";"";"Текст по подписи к снимку здания в указателе (с. 43); в подписи нападение названо «вероломным нападением японской военщины».";"Библиографический указатель «Николаевск-на-Амуре и Николаевский район» (1990), с. 147 и 43";"1108";"";"";""
"m15";"памятник";"Памятник О. К. Кантеру";"7 ноября 1977";"1977";"угол улиц Кантера и Советской";"Первому председателю исполкома Нижнеамурской области (1934–1935). Открыт в канун 60-летия Октябрьской революции.";"";"";"Сборник «Руководители органов власти Нижнеамурья» датирует открытие ноябрём 1977 года.";"Библиографический указатель «Николаевск-на-Амуре и Николаевский район» (1990), с. 147";"1058 1096";"";"corner:Советская улица|улица Кантера";"улица Кантера|Советская улица"
"m16";"доска";"Мемориальная доска Н. К. Бошняку";"19 сентября 1980";"1980";"улица Бошняка";"Участнику Амурской экспедиции, сподвижнику Г. И. Невельского Николаю Константиновичу Бошняку.";"";"";"";"Библиографический указатель «Николаевск-на-Амуре и Николаевский район» (1990), с. 147";"1109 1099";"";"";"улица Бошняка"
"m17";"доска";"Мемориальная доска А. А. Фадееву и А. П. Довженко";"27 февраля 1983";"1983";"здание клуба моряков";"К 50-летию пребывания в Николаевске-на-Амуре писателя А. А. Фадеева и кинорежиссёра А. П. Довженко (сентябрь 1933 года).";"";"";"В записи 1933 года указателя доска датирована «2 сентября 1983 г.»; здесь взята дата из записи 1983 года.";"Библиографический указатель «Николаевск-на-Амуре и Николаевский район» (1990), с. 143 и 148";"1095";"";"";""
"m18";"доска";"Мемориальная доска Я. Ф. Фабрициусу";"5 ноября 1983";"1983";"здание управления морского порта (улица Невельского)";"Герою Гражданской войны Яну Фрицевичу Фабрициусу – в память о его революционной деятельности в Николаевском порту в 1912–1913 годах.";"";"";"";"Библиографический указатель «Николаевск-на-Амуре и Николаевский район» (1990), с. 148";"1110";"";"";"улица Невельского"
"m19";"доска";"Мемориальная доска В. П. Чкалову";"2 февраля 1984";"1984";"здание районного Дома культуры (улица Пионерская)";"Герою Советского Союза лётчику В. П. Чкалову – участнику встречи жителей города с экипажем АНТ-25, состоявшейся 24 июля 1936 года.";"";"";"";"Библиографический указатель «Николаевск-на-Амуре и Николаевский район» (1990), с. 148";"1111 1097";"Районный Дом культуры (РДК)";"";""
"m20";"знак";"Памятный знак на острове имени Чкалова";"2 августа 1986";"1986";"остров имени Чкалова (бывший Удд), вне города";"Установлен в честь 50-летия перелёта самолёта АНТ-25 Москва – остров Удд.";"Э. Маловинский";"";"";"Библиографический указатель «Николаевск-на-Амуре и Николаевский район» (1990), с. 149";"1112 1097";"";"";""
"m21";"знак";"Мемориал «Воинам-подводникам 1942 г.»";"дата открытия в источниках не найдена";"0";"Николаевск-на-Амуре";"Судя по названию, связан с событием 18 июля 1942 года: в акватории порта произошёл взрыв, затонули подводные лодки «Щ-138» и «Щ-118», погибло 43 офицера и матроса.";"";"";"Когда и кем открыт мемориал, наши источники не сообщают. Точка на карте – из OpenStreetMap.";"Ковальчук, «Николаевск-на-Амуре (историческая справка)» (о событии 1942 года)";"1076";"Мемориал «Воинам-подводникам 1942 г.»";"";""
