name;years;sub
Кооператив «Антрацит»;1989-1992;
Районное производственное объединение бытового обслуживания населения;1943-2003;
Артели: «Коллективистка», «Кожевенник», «Бытовая»;1943-1957;1
Артель «Рассвет»;1957-1960;1
Николаевский-на-Амуре комбинат бытового обслуживания населения;1960-1989;1
Николаевское-на-Амуре районное производственное объединение бытового обслуживания населения;1989-1992;1
Муниципальное предприятие бытового обслуживания населения;1992-2003;1
Государственное сельскохозяйственное предприятие птицесовхоз «Николаевский»;;
Николаевский-на-Амуре овощеводческий совхоз;1937-1964;1
Николаевский-на-Амуре птицеводческий совхоз;1965-1994;1
Николаевский-на-Амуре птицеводческий совхоз;1994-2002;1
Отдел народного образования исполкома Николаевского-на-Амуре городского Совета народных депутатов;1937-2000;
Отдел образования администрации г.Николаевска-на-Амуре и Николаевского района;1991-2000;1
Отдел народного образования исполкома Николаевского-на-Амуре городского Совета народных депутатов;1937-2000;
Власьевский сельский Совет народных депутатов Николаевского района, Хабаровского края;1940-1994;
Исполнительный комитет Власьевского сельского Совета депутатов трудящихся Николаевского района Хабаровского края;1940-1977;1
Власьевский сельский Совет народных депутатов Николаевского района, Хабаровского края;;1
Детские ясли № 3 отдела образования;1957-1995;
Детские ясли № 4 дирекции медицинских учреждений;1957-1994;1
Детские ясли № 4 отдела образования администрации г. Николаевска-на-Амуре с Николаевским районом;1994-1995;1
Детские ясли № 3 отдела образования администрации г. Николаевска-на-Амуре с Николаевским районом;1995;1
Детские ясли № 11 отдела образования администрации г. Николаевска-на-Амуре с Николаевским районом;;
Детские ясли № 4 Амурской центральной бассейновой больницы;1953-1995;1
Детские ясли № 11 отдела образования администрации г. Николаевска-на-Амуре с Николаевским районом;1995;1
Детский сад № 14 отдела образования администрации г. Николаевска-на-Амуре с Николаевским районом;1964-1995;
Детский сад № 2 отдела народного образования Николаевского-на-Амуре исполнительного комитета;;1
Детский сад № 14 отдела народного образования Николаевского-на-Амуре исполнительного комитета;1964-1967;1
Детские ясли-сад № 7 отдела образования администрации г. Николаевска-на-Амуре с Николаевским районом;1953-1995;
Детские ясли-сад № 4 отдела образования администрации г. Николаевска-на-Амуре с Николаевским районом;;
Детские ясли-сад № 18 отдела образования администрации г. Николаевска-на-Амуре с Николаевским районом;;
АО «Дальлеспром» объединение «Дальремлестехника» Николаевский-на-Амуре судоремонтный завод, с.Подгорное;;
Николаевский-на-Амуре механический завод;1949-1959;1
Николаевский-на-Амуре судоремонтный завод;1959-1995;1
АООТ Николаевский-на-Амуре кирпичный завод;1953-1996;
Николаевский-на-Амуре кирпичный завод;1953-1994;1
АООТ Николаевский-на-Амуре кирпичный завод;1994-1996;1
Малое предприятие «Тога»;1990-1995;
Государственное малое предприятие «Энергостроитель»;1968-1997;
Строительное управление Николаевской- на-Амуре теплоэлектроцентрали;1968-1990;1
Государственное малое предприятие «Энергостроитель»;;1
АОЗТ «Николаевское-на-Амуре поизводственно-торговое предприятие»;1944-1997;
Отдел рабочего снабжения Николаевской-на-Амуре пристани;1944-1945;1
Отдел рабочего снабжения эксплуатационного участка Нижне-Амурского управления речного пароходства;1946-1948;1
Отдел рабочего снабжения Амурского управления речного пароходства;1948-1960;1
Отдел рабочего снабжения Николаевского-на-Амуре судоремонтного завода;1960-1961;1
Отдел рабочего снабжения ремонтно-эксплуатационной базы флота;1961-1976;1
Отдел рабочего снабжения Николаевского-на-Амуре судоремонтного завода Амурского речного пароходства;1976-1985;1
Отдел рабочего снабжения Николаевской-на-Амуре ремонтно-эксплутационной базы флота;1985-1995;1
Малокомплектная начальная школа № 9 отдела образования администрации г. Николаевска-на-Амуре и Николаевского района;1989-1997;
Дочернее предприятие по поставкам продукции « Акционерное общество «Материальные ресурсы»;1967-1997;
Николаевское-на-Амуре агентство «Главснабсбыт»;1966-1981;1
Николаевская-на-Амуре контора «Снабсбыт»;1981-1985;1
Николаевское-на-Амуре предприятие материально-технического снабжения коммерческо-посреднической фирмы снабжения и сбыта;1985-1991;1
Николаевское-на-Амуре предприятие по поставкам продукции;1992-1993;1
Николаевский-на-Амуре филиал ЗАО «Дальневосточный инвестиционно-коммерческий промышленно-строительный банк»;;
Николаевское-на-Амуре отделение Государственного банка;1923-1934;1
Николаевская-на-Амуре областная контора Государственного банка;1934-1956;1
Николаевское-на-Амуре отделение промышленно-строительного банка;1957-1987;1
"Николаевское-на-Амуре отделение управления Государственного коммерческого промышленно-строительного банка по Хабаровскому краю;";1988-1991;1
Государственное арендное предприятие «Лазаревская передвижная механизированная колонна»;1967-1995;
Лазаревское строительно-монтажное управление;1967-1969;1
Лазаревская передвижная механизированная колонна;1970-1991;1
Государственное арендное предприятие «Лазаревская передвижная механизированная колонна»;1991-1995;1
Муниципальное предприятие «Бюро технической инвентаризации»;1949-1998;
Техническое бюро Николаевского-на-Амуре коммунального хозяйства;1949-1958;1
Бюро технической инвентаризации;1958-1995;1
Муниципальное предприятие «Бюро технической инвентаризации»;1995-1998;1
Детский сад № 12 отдела образования администрации г.Николаевска-на-Амуре и Николаевского района;1990-1999;
Муниципальное Нижнеамурское коммерческое оптово-розничное предприятие;1934-1999;
Нижнеамурская контора пищеторга;1934-1945;1
Нижнеамурский областной смешанный торг;1945-1947;1
Нижнеамурский городской смешанный торг;1948-1992;1
Муниципальное Нижнеамурское коммерческое оптово-розничное предприятие;1992-1999;1
АООТ «Лазаревлес»;1951-1997;
Нигирский леспромхоз;1951-1964;1
Лазаревский леспромхоз;1964-1992;1
Акционерное общество открытого типа «Лазаревлес»;1993-1997;1
Николаевское-на-Амуре муниципальное кинопредприятие;1938-2000;
Кинотеатр «Глобус»;1938-1947;1
Нижнеамурский отдел кинофикации;1948-1962;1
Николаевская-на-Амуре дирекция киносети;1963-1989;1
Николаевское-на-Амуре кинопредприятие;1990-1993;1
Николаевское-на-Амуре муниципальное кинопредприятие;1994-2000;1
ОАО « Акционерное предприятие «Нижнеамурзолото»;1979-2000;
Дирекция строящегося рудника;1979-1985;1
Нижнеамурский горнообогатительный комбинат;1985-1993;1
Акционерное общество открытого типа «Акционерное предприятие «Нижнеамурзолото»;1993-1996;1
ОАО « Акционерное предприятие «Нижнеамурзолото»;1996-2000;1
ООО «Дальгеоторг»;1970-2000;
Нижеамурское отделение отдела рабочего снабжения;1970-1993;1
Акционерное общество «Дальгеология»;1994-1996;1
ООО «Дальгеоторг»;1997-2000;1
ООО «Северное питание»;1964-2002;
Нижнеамурский трест столовых и ресторанов;1969-1991;1
Муниципальное арендное предприятие питания;1992-1997;1
ООО «Северное питание»;1998-2002;1
Нижнеамурское межрайонное отделение по прокату кинофильмов;1956-1990;
Муниц. торговое предприятие «Магинское»;1962-2001;
Магинское торговое отделение отдела рабочего снабжения Лазаревского леспромхоза;1966;1
Отдел рабочего снабжения Нижнеамурского рейда;1966-1995;1
Муниц. торговое предприятие «Магинское»;1995-2002;1
Хабаровское объединение рабочего снабжения;1987-1996;1
Федеральное государственное унитарное предприятие «Отдел рабочего снабжения Нижнеамурского горнообогатительного комбината»;1996-2002;1
«Школа начального общего образования № 6» отдела народного образования;1991-1996;1
Муниц. образовательное учреждение «Школа начального общего образования № 6» администрации г.Николаевска-на-Амуре и Николаевского района;1997-2002;1
Николаевская-на-Амуре автобаза № 7;1977-1993;1
Акционерное общество открытого типа «Николаевская-на-Амуре автобаза»;1993-1997;1
ОАО «Николаевская-на-Амуре автобаза»;1997-2002;1
ОАО «Нижнеамурский рейд»;;
Управление Нижнеамурского морского лесного рейда;;1
Нижнеамурский рейд морской лесной сплотки;1955-2002;1
Нижнеамурское комплексное лесное предприятие;;1
Акционерное общество открытого типа «Нижнеамурский рейд»;;1
ОАО «Николаевский-на-Амуре мясомолочный комбинат»;1953-2002;
Николаевская-на-Амуре колбасная фабрика;1953-1994;1
Акционерное общество открытого типа «Николаевский-на-Амуре мясомолочный комбинат»;1994-1997;1
ОАО «Николаевский-на-Амуре мясомолочный комбинат»;1997-2002;1
Многовершинная передвижная механизированная колонна;1977-1994;
Магинский морской рыбный порт;1942-2001;
"Морской рыбный порт Маго опись № 1;";1942-2001;1
Магинский лесотарный комбинат опись № 2,;1948-1976;
Магинский строительный участок ПМК № 5, опись № 3;1967-1976;
Магинская жестяно-баночная фабрика опись № 4,;1951-1957;
Товарищество с ограниченной ответственностью «Старт»;1992-1995;1
Государственное предприятие «Старт»;1996-2003;1
Городской отдел коммунального хозяйства;1931-1963;1
Комбинат коммунальных предприятий и благоустройств;1964-1988;1
Многоотраслевое производственное предприятие жилищно-коммунального хозяйства;1989-1995;1
Муниципальное многоотраслевое производственное предприятие жилищно-коммунального хозяйства;1995-2003;1
Рыбокомбинат Де-Кастри, опись № 3;1940-1960;
Рыбокомбинат Нижнее-Пронге, опись № 4;1930-1971;
Рыбокомбинат Озерпах, опись № 6;1938-1970;
Рыбозавод Джаоре, опись № 8;1942-1967;
Рыбозавод м.Лазарева, опись № 10;1940-1959;
Рыбозавод Солонцы, опись № 11;;
Рыбозавод Петровская коса, опись № 12;1940-1955;
Рыбозавод Коль, опись № 13;1939-1961;
Рыбозавод Мариинск, опись № 14;1939-1964;
Рыбозавод Орель-Чля;1937-1967;
Рыбозавод Тнейвах, опись № 16;1933-1965;
Рыбозавод Тыр, опись № 17;1938-1967;
Рыбозавод Чкалова, опись №18;1938-1970;
Нижнеамурский рыбопромышленный трест, опись № 20;1931-1969;
Транспортно-складская контора, опись № 21;1940-1957;
Домоуправление, опись № 23;1938-1969;
Строительная контора, опись № 26;1948-1955;
Оремифская школа ФЗУ, опись № 27;1947-1953;
Николаевское-на-Амуре ремонтно-строительное управление;1970-1990;1
Николаевское-на-Амуре арендное ремонтно-строительное предприятие;1990-1994;1
Товарищество с ограниченной ответственностью «Николаевское-на-Амуре ремонтно-строительное управление»;1994-1999;1
ООО «Николаевское-на-Амуре ремонтно-строительное управление»;2000-2003;1
Николаевский-на-Амуре леспромхоз;1970-1994;1
Акционерное общество открытого типа «Николаевсклес»;1994-1996;1
ОАО «Николаевсклес»;1996-2000;1
МУП «Лазаревский торг»;1970-2001;
Муниципальное торговое предприятие «Лазаревское»;1953-2003;
Отдел рабочего снабжения Нигирского леспромхоза;1954-1964;1
Отдел рабочего снабжения Лазаревского леспромхоза;1964-1988;1
Отдел рабочего снабжения Хабаровсклесторга;1989;1
Отдел рабочего снабжения Дальлесторга;1990-1995;1
Муниципальное торговое предприятие «Лазаревское»;1995-2003;1
Красносельский сельский Совет народных депутатов Николаевского района, Хабаровского края;1933-1991;
Исполнительный комитет Озерпахского сельского Совета народных депутатов Николаевского района хабаровского края;1943-1992;
Исполнительный комитет Члянского сельского Совета народных депутатов Николаевского района Хабаровского края;;
Колчанский сельский Совет;1929-1977;1
Исполнительный комитет Колчанского сельского Совета;1977-1981;1
Исполнительный комитет Члянского сельского Совета;1981-1991;1
Опись № 2 «Кольский сельский Совет депутатов трудящихся Николаевского района»;1940-1968;
Муниципальное образовательное учреждение Кадетская школа;1990-2004;
Детская морская школа;1990-1992;1
Николаевский-на-Амуре морской колледж;1992-1999;1
Муниципальное образовательное учреждение Кадетская школа;1999-2005;1
«Восьмилетняя школа № 11»;1956-1989;1
«Неполная средняя школа № 11»;1989-1993;1
«Средняя школа № 11»;1993-1999;1
Муниципальное общеобразовательное учреждение «Средняя общеобразовательная школа №11»;1999-2004;1
Исполнительный комитет Константиновского сельского Совета народных депутатов Николаевского района Хабаровского края;1957-1991;
Подгорненский сельский Совет депутатов трудящихся;1957-1968;1
Исполнительный комитет Подгорненского сельского Совета депутатов трудящихся;1969-1976;1
Исполнительный комитет Константиновского сельского Совета народных депутатов;1977-1991;1
Опись № 2 Астрахановский сельский Совет;1935-1969;
Государственное предприятие «Горпищекомбинат»;1943-2005;
Горпищекомбинат г.Николаевска-на-Амуре;1943-1957;1
Николаевский-на-Амуре водочный завод;1957-1960;1
Николаевский-на-Амуре пивобезалкогольный завод;1960-1973;1
Николаевский-на-Амуре Горпищекомбинат;1973-1990;1
Государственное предприятие «Горпищекомбинат»;1991-2005;1
Николаевская-на-Амуре оптово-торговая межрайбаза Хабаровского Крайпотребсоюза;1946-1995;
Транспортная контора;1946-1952;1
Межрайбаза Нижне-Амурского Рыболовпотребсоюза;1953-1976;1
Николаевская-на-Амуре оптово-торговая межрайбаза Хабаровского Крайпотребсоюза;1977-1995;1
Предприятие по материально-техническому снабжению «Николаевсагропромснаб»;1946-1995;
Межрайонное отделение Глававтотракторсбыт;1952-1957;1
Николаевское отделение Глававто-тракторсбыт;1957-1960;1
Нижне-Амурское межрайонное отделение «Сельхозтехника»;1961-1962;1
Нижне-Амурское отделение «Сельхозтехника»;1963-1978;1
Нижне-Амурское производственное отделение по производственно-техническому обеспечению сельского хозяйства;1978-1986;1
Ремонтно-техническое предприятие с базой снабжения «Николаевскагропромремтехпредснаб»;;1
Предприятие по материально-техническому снабжению «Николаевсагропромснаб»;1986-1991;1
Николаевское-на-Амуре строительно-монтажное управление;1965-1984;
Лазаревская лесоэкспортная перевалочная база;1953-1983;
Морской торговый порт мыс. Лазарева;;1
Отделение Российской оборонной спортивно-технической организации г. Николаевск-на-Амуре;1970-2006;
Городской комитет Добровольного общества содействия Армии, Авиации и Флоту г.Николаевска-на-Амуре;1970-1991;1
Городской совет Оборонной спортивно-технической организации;1992-1996;1
Отделение Российской оборонной спортивно-технической организации г.Николаевска-на-Амуре;1996-2006;1
ОАО «Нижнеамурстрой»;1950-2005;
Строительный трест № 23;1977-1988;1
Проектно-строительное объединение «Нижнеамурстрой»;1988-1992;1
Акционерное общество открытого типа «Нижнеамурстрой»;1992-1999;1
Открытое акционерное общество «Нижнеамурстрой»;1999-2005;1
Комбинат производственных предприятий Опись № 2;1957-1985;
Завод крупнопанельного домостроения «Мобиль»;1985-1992;
Передвижная механизированная колонна № 26 Опись № 3;1976-1992;
"Закрытое акционерное общество ""Форпост""";1982-2006;
Управление механизированных работ;1982-1992;1
"Акционерное общество открытого типа «Форпост»;";1992-1993;1
Акционерное общество закрытого типа «Форпост»;1993-1996;1
Закрытое акционерное общество «Форпост»;1996-2006;1
Кооператив «Коммунальник»;1988-1993;
Исполнительный комитет Нижнепронгенского сельского Совета народных депутатов Николаевского района Хабаровского края;;
Открытое акционерное общество «Николаевскхлеб»;1939-2007;
Николаевский-на-Амуре хлебокомбинат;1939-1994;1
Акционерное общество открытого типа «Николаевскхлеб»;1994-2006;1
Исполнительный комитет Многовершинного поселкового Совета народных депутатов Николаевского района Хабаровского края;1974-1991;
Исполнительный комитет Магинского поселкового Совета народных депутатов Николаевского района Хабаровского края;1949-1991;
Муниципальное предприятие ремонта радиотелеаппаратуры «Контур»;1971-2006;
Телевизионное ателье № 5;1971-1975;1
Николаевский-на-Амуре завод ремонта радиотелеаппаратуры;1975-1994;1
Дом культуры имени А.М.Горького;1976-1998;
Рыболовецкие колхозы Николаевского района (ликвидированные);1960-2004;
Исполнительный комитет Пуирского сельского Совета народных депутатов;1942-1984;
Исполнительный комитет Орель-Члянского сельского Совета;1934-1990;
Исполнительный комитет Какормского сельского Совета депутатов;1961;1
Исполнительный комитет Орель-Члянского Совета;1961-1991;1
Исполнительный комитет Лазаревского поселкового Совета народных депутатов;1950-1991;
Николаевское-на-Амуре автотранспортное предприятие;1950-2007;
Автотранспортная контора;1950-1968;1
Автотранспортное предприятие;1968-1994;1
Муниципальное автотранспортное предприятие;1994-2007;1
Исполнительный комитет Нигирского сельского Совета;1957-1991;
Исполнительный комитет Иннокентьевского сельского Совета народных депутатов;1935-1990;
Опись № 2 Исполнительный комитет Касьяновского сельского Совета депутатов трудящихся;1938-1976;
Открытое акционерное общество «Николаевский-на-Амуре судостроительный завод;1940-2009;
Николаевский-на-Амуре судоремонтный и судостроительный завод;1938-1959;1
Николаевский-на-Амуре судоремонтный завод;1960-1966;1
Николаевский-на-Амуре судостроительный завод;1966-1992;1
Акционерное общество открытого типа «Николаевский-на-Амуре судостроительный завод;1992-1996;1
Открытое акционерное общество «Николаевский-на-Амуре судостроительный завод;1996-2009;1
Комитет социальной защиты населения администрации Николаевского муниципального района;1939-2006;
Администрация Николаевского муниципального района;1991-2003;
Автономная некоммерческая организация «Амурские морские лоцманы»;1991-2003;
Филиал акционерного общества «Транссервис»;1991-1994;1
Товарищество с ограниченной ответственностью «Транссервис»;1994-1999;1
Общество с ограниченной ответственностью «Транссервис»;1999;1
Автономная некоммерческая организация «Амурские морские лоцманы»;1999-2003;1
Рыболовецкая артель (колхоз) Нижнее Пронге;1976, 1978-2006;
Нижнепронгенский межколхозный рыбозавод;1976-1990;1
Рыболовецкий колхоз «Нижнепронгенский»;1991-1998;1
Общество с ограниченной ответственностью «Николаевский-на-Амуре деревообрабатывающий комбинат»;1943, 1949, 1951, 1954, 1956, 1959-2010;
Николаевский-на-Амуре Горпромкомбинат;1939-1985;1
Николаевский-на-Амуре деревообрабатывающий комбинат;1985-1993;1
Акционерное общество открытого типа «Николаевский-на-Амуре деревообрабатывающий комбинат»;1993-1996;1
Открытое акционерное общество «Николаевский-на-Амуре деревообрабатывающий комбинат»;1996-2001;1
Общество с ограниченной ответственностью «Николаевский-на-Амуре деревообрабатывающий комбинат»;2001-2009;1
Опись № 2 Николаевская-на-Амуре передвижная механизированная колонна;1976-1993;
Артель «Север»;1953-1960;
Общество с ограниченной ответственностью «Инверсия»;1974-2010;
Ещё из перечня автора (в описи муниципального архива не найдено или названо иначе);;
Николаевская-на-Амуре окружная страховая касса;1926-1927;
Николаевский строительный участок;1986-1993;
Рыбный промысел «Чныррах»;1924-1935;
Рыбозавод «Чныррах»;1935-1969;
Нижнеамурский рыбопромышленный комбинат;1969;
Нижне-Амурский рыбопромышленный комбинат;1969-1992;
Николаевская-на-Амуре городская санитарно-эпидемиологическая станция;1951-1990;
Николаевская-на-Амуре районная санитарно-эпидемиологическая станция;1990-1992;
Ветеринарная лечебница г.Николавска-на-Амуре и Николаевского района;1933-1964;
Николавская-на-Амуре ветеринарная станция;1964-2000;
«Объект почтовый ящик № 19»;1939-1940;
«Мукомольный завод № 19»;1941-1966;
«Николаевская-на-Амуре реалбаза хлебопродуктов»;1966-1995;
Николаевская-на-Амуре городская электрическая станция;1946-1961;
Николаевский-на-Амуре Гортопсбыт;1965-1990;
Государственное предприятие «Николаевское-на-Амуре предприятие по обеспечению топливом населения, учреждений и организаций»;1990-2000;
