category;name;note
Предприятия и хозяйства;Судостроительный завод;"с уникальными кранами «Фламинго», плавучим доком и др.; работало свыше 4 000 человек"
Предприятия и хозяйства;Авиаотряд;
Предприятия и хозяйства;РЭБ флота;
Предприятия и хозяйства;Завод крупно-панельного домостроения “Мобиль”;работало около 4 000 человек
Предприятия и хозяйства;Завод ЖБИ;
Предприятия и хозяйства;Кирпичный завод;
Предприятия и хозяйства;Хлебзавод;
Предприятия и хозяйства;Асфальтный завод;
Предприятия и хозяйства;Колбасный завод;
Предприятия и хозяйства;Плавучий кормозавод;
Предприятия и хозяйства;Пивзавод, водочный завод;
Предприятия и хозяйства;Деревообрабатывающий комбинат;
Предприятия и хозяйства;Лесозавод;
Предприятия и хозяйства;Николаевский леспромхоз;
Предприятия и хозяйства;Николаевский морской порт;
Предприятия и хозяйства;Горпищекомбинат;
Предприятия и хозяйства;Строительное управление № 23;
Предприятия и хозяйства;Птичник;
Предприятия и хозяйства;Николаевское СМУ;
Предприятия и хозяйства;Свиноводческая ферма на 150 голов;
Предприятия и хозяйства;Овоще-молочный совхоз;
Предприятия и хозяйства;Стройтрест;
Предприятия и хозяйства;ДРСУ;
Предприятия и хозяйства;Рембаза;
Предприятия и хозяйства;Автопредприятие;мыс Кошка, 13
Предприятия и хозяйства;Автоколонна номер 7;
Предприятия и хозяйства;ПМК;
Предприятия и хозяйства;Транспортная контора связи;катера, а/сани, почтовые машины
Предприятия и хозяйства;Управление механизированных работ;
Предприятия и хозяйства;Нижнеамурский рыбокомбинат;
Предприятия и хозяйства;Николаевский совхоз;
Предприятия и хозяйства;Горбыткомбинат;
Предприятия и хозяйства;Николаевское райпо;
Предприятия и хозяйства;Прибороремонтная мастерская;
Предприятия и хозяйства;Николаевский Мехлесхоз;
Предприятия и хозяйства;Подсобное хозяйство Нижнеамурского рейда;
Предприятия и хозяйства;Дальремлестехника;
Предприятия и хозяйства;ОРС Дальневосточного геологического управления;
Предприятия и хозяйства;Геологическая экспедиция “Самоцветы”;
Предприятия и хозяйства;Колхоз “Ленинец”;
Предприятия и хозяйства;СУТЭЦ;
Предприятия и хозяйства;Комбинат бытового обслуживания;
Предприятия и хозяйства;Типография;
Предприятия и хозяйства;Рембыттехника;
Предприятия и хозяйства;Гортоп;организация, которая снабжала население углём и дровами
Предприятия и хозяйства;СУ-1;
Предприятия и хозяйства;УМР;управление механизированных работ
Предприятия и хозяйства;Комбинат производственных предприятий;
Предприятия и хозяйства;Комбинат коммунальных предприятий и благоустройства;
Здравоохранение;Инфекционная больница;
Здравоохранение;Портовская поликлиника;
Здравоохранение;Грязелечебница;
Здравоохранение;Военный госпиталь;
Образование, обучение и досуг;Учебно-производственный комбинат;
Образование, обучение и досуг;ПТУ-12;а вместе с ним и мастерские, столовая, гараж
Образование, обучение и досуг;Вечерний техникум;
Образование, обучение и досуг;Вечерняя школа;
Образование, обучение и досуг;Станция юных техников;
Образование, обучение и досуг;Клуб моряков;
Образование, обучение и досуг;Городской спортивно-технический клуб ДОСААФ;
Быт, торговля и отдых;Малосемейное общежитие строительного управления;
Быт, торговля и отдых;Столовая “Снежинка”;
Быт, торговля и отдых;Парк имени Горького;а вместе с ним городской стрелковый тир, аттракционы, кафе, танцплощадка и др.
В районе;Филиал Николаевской-на-Амуре музыкальной школы в с. Красное;
В районе;Филиал Николаевской-на-Амуре музыкальной школы в п. Маго;
В районе;Порт и лесотарный комбинат Магинского морского рыбного порта;с портальными кранами «Форель», краном «Ганс», охлаждаемым складом и др.
В районе;Лётная площадка в посёлке Чля;для самолётов Ан-2
В районе;Лазаревская ПМК;
В районе;Лазаревский рейд морской сплотки;
В районе;Лазаревский леспромхоз;
В районе;Нижнеамурская экспедиция;с. Красное
В районе;Вертолётная площадка в с. Красное;
В районе;Звероферма в с. Власьево;
