"id";"series";"year";"value";"approx";"scope";"source";"event";"plot";"note"
"p01";"kov";"1921";"1000";"да";"город";"Хронология автора: запись за 1922 год («возросла с одной тысячи до 5,1 тысяч»); так же у Ковальчука";"8";"да";"«Около 1 тыс.» относится к началу роста; у Ковальчука рост отнесён к 1922–1923 годам, в хронологии автора – к 1922 году."
"p02";"kov";"1922";"5100";"";"город";"Хронология автора; так же у Ковальчука (со ссылкой на источник)";"8";"да";"У Ковальчука: «в 1922–1923 годах численность возросла с одной тысячи до 5,1 тысяч»."
"p03";"kov";"1926";"7450";"";"город";"М. А. Ковальчук, историческая справка (7,45 тыс. человек)";"1061";"да";"Перепись 1926 года, приведённая в другом источнике и в хронологии автора (запись № 54): 7 356. По решению автора основным принято число Ковальчука."
"p04";"kov";"1933";"16500";"";"город";"Хронология автора: запись за 1934 год («16,5 тыс. человек в 1933 году»); так же у Ковальчука";"107";"да";"По хронологии, это выше дореволюционного максимума (15,4 тыс. в 1914 году)."
"p05";"kov";"1939";"17300";"";"город";"М. А. Ковальчук, историческая справка (17,3 тыс. человек «без учёта военнослужащих и заключённых»)";"1061";"да";"Перепись 1939 года (по Википедии): 17 314. Ковальчук пишет, что перед войной в лагере при стройке № 201 было до 5,6 тыс. заключённых; они в число не входят."
"p06";"kov";"1955";"38702";"";"город";"Хронология автора: «В городе проживали 38 702 человека»";"332";"да";"В той же записи: с пригородной зоной – более 50,5 тыс. человек."
"p07";"kov";"1959";"38900";"";"город";"М. А. Ковальчук, историческая справка";"1061";"да";"Перепись 1959 года (по Википедии): 30 923 (городское население)."
"p08";"kov";"1979";"42800";"";"город";"Хронология автора; то же число у Ковальчука";"569";"да";"Перепись 1979 года (по Википедии): 33 529."
"p09";"kov";"1989";"46700";"";"город";"Хронология автора; то же число у Ковальчука";"661";"да";"Перепись 1989 года (по Википедии): 36 296. В той же записи хронологии: рождаемость превышала смертность, приезд в район и город превышал выезд."
"p10";"kov";"1991";"46100";"";"город";"М. А. Ковальчук, историческая справка";"1061";"да";"Последний год Советского Союза."
"p11";"census";"1926";"7356";"";"городское население";"Перепись 1926 года (по статье «Николаевск-на-Амуре» в Википедии)";"54";"да";"Вторичный источник: нужна сверка с публикациями переписей."
"p12";"census";"1939";"17314";"";"городское население";"Перепись 1939 года (по статье «Николаевск-на-Амуре» в Википедии)";"";"да";"Вторичный источник: нужна сверка с публикациями переписей."
"p13";"census";"1959";"30923";"";"городское население";"Перепись 1959 года (по статье «Николаевск-на-Амуре» в Википедии)";"";"да";"Вторичный источник: нужна сверка с публикациями переписей."
"p14";"census";"1970";"30082";"";"городское население";"Перепись 1970 года (по статье «Николаевск-на-Амуре» в Википедии)";"";"да";"Вторичный источник: нужна сверка с публикациями переписей."
"p15";"census";"1979";"33529";"";"городское население";"Перепись 1979 года (по статье «Николаевск-на-Амуре» в Википедии)";"";"да";"Вторичный источник: нужна сверка с публикациями переписей."
"p16";"census";"1989";"36296";"";"городское население";"Перепись 1989 года (по статье «Николаевск-на-Амуре» в Википедии)";"";"да";"Вторичный источник: нужна сверка с публикациями переписей."
"p17";"wider";"1955";"50500";"да";"город с пригородной зоной";"Хронология автора: «более 50,5 тысяч человек»";"332";"да";"Нижняя оценка: в записи сказано «более»."
"p18";"wider";"1965";"48721";"";"город и район";"Хронология автора";"425";"да";""
"p19";"wider";"1990";"56000";"";"город и район";"Хронология автора («по итогам переписи») и статистический сборник «Показатели социального и экономического развития городов и районов Хабаровского края в 1990 году» (1991, с. 6): 56,0 тыс.";"687";"да";""
"p20";"oblast";"1939";"70000";"";"Нижнеамурская область (не город)";"М. А. Ковальчук, историческая справка: «накануне войны проживало 70 тыс. человек»; так же в хронологии автора";"169";"нет";"По решению автора основным принято число Ковальчука. Другое число: 98,5 тыс. по переписи 1939 года."
"p21";"oblast";"1939";"98500";"";"Нижнеамурская область (не город)";"Хронология автора: перепись 1939 года, число на 1 января 1941 года";"1047";"нет";"Для сравнения: расходится с числом Ковальчука (70 тыс.)."
"p22";"district";"1939";"28846";"";"Нижнеамурский район без города";"Хронология автора: экономическая характеристика района, население на 1 января 1939 года";"1054";"нет";""
"p23";"okrug";"1926";"37800";"";"Николаевский-на-Амуре округ (не город)";"М. А. Ковальчук, историческая справка: население округа 37,8 тыс. (мужчин 21,2 тыс., женщин 16,6 тыс.); в тексте число дано с опиской «37,8 человек»";"";"нет";"Округ – большая территория (554,4 тыс. км²)."
