"id";"key";"group";"title";"holds";"where";"trust";"note"
"s01";"";"Хронология автора";"Хронология автора проекта";"Основа сайта: записи по годам, 1918–1991.";"Хронология, все разделы";"mid";"Авторский свод; записи без указанного источника проверяются по документам, газетам и книгам постепенно (по мере вычитки)."
"s02";"ОЧЕРК";"Воспоминания и очерки участников";"Материалы к истории Нижне-Амурской геологоразведочной экспедиции (с. Красное, 2010, составитель В. В. Шевченко) — «Очерк истории экспедиции»";"Даты и события Сусанино, Красного, Многовершинного, дорог и строительства.";"Хронология; села Красное и Многовершинный";"high";"Написан по фондовым документам экспедиции (доступ к фондам получен в 2006 году). Самый надёжный из документальных источников сайта."
"s03";"МЕМУАРЫ";"Воспоминания и очерки участников";"Те же «Материалы…» — сборник «Мемуары»";"Воспоминания ветеранов экспедиции: быт, работа, отдельные события.";"Хронология; село Красное";"mid";"Воспоминания. Составитель отмечает, что даты в них местами расходятся с очерком; такие расхождения показаны на сайте."
"s04";"САЛИХОВА";"Воспоминания и очерки участников";"М. Р. Салихова. «…Солнца и ветра брат». Очерки. Ижевск: Удмуртский университет, 2006";"Очерки о геологах Нижне-Амурской экспедиции, 1957–1980.";"Хронология; улицы села Красное";"mid";"Опубликованная книга; используются отдельные факты с указанием источника."
"s05";"";"Документы и статистика";"Показатели социального и экономического развития городов и районов Хабаровского края в 1990 году. Статистический сборник № 27. Хабаровск, 1991, с. 6 (ГАХК)";"Численность населения Николаевска-на-Амуре и района: 56,0 тыс. человек.";"Численность населения";"high";"Официальная статистика; год переписи в справке не указан."
"s06";"";"Сайты и открытые данные";"Данные всесоюзных переписей (1926, 1939, 1959, 1970, 1979, 1989) — по статье «Николаевск-на-Амуре» в Википедии";"Численность города: 7 356; 17 314; 30 923; 30 082; 33 529; 36 296.";"Численность населения (для сравнения)";"low";"Вторичный источник, требует сверки с первичными публикациями переписей (Демоскоп)."
"s07";"";"Сайты и открытые данные";"OpenStreetMap";"Карта, улицы, посёлки и объекты.";"Карта города, Улицы, Места памяти";"mid";"Современная карта; названия улиц в прошлом могли быть другими."
"s08";"ЗНАМЯ77+ЗНАМЯ80+ЗНАМЯ90";"Газеты";"Газета «Ленинское знамя», 1977, 1980 и 1990 годы (сканы из архива автора)";"Отдельные объявления и заметки; пока девять записей (обзор новостроек и стройтрест № 23, 1977; курсы при ГПТУ-12, набор рабочих на судозавод и набор в ПТУ-12 и в медицинское училище, 1980; справка о школах, 1977; интервью с кандидатом в депутаты, 1990).";"Хронология";"high";"Первичный документ, текст записи сверен со сканом. Остальные страницы ещё разбираются."
"s09";"ПУТЕВОДИТЕЛЬ28";"Книги, указатели, сборники";"«От Урала до Великого Океана: путеводитель по Уралу, Сибири и Дальнему Востоку». Сост. П. Д. Бурский и С. М. Розеноер. М., 1928, с. 289–290";"Состояние Николаевска-на-Амуре и округа в 1928 году: рыбная и лесная промышленность, золото, связь.";"Хронология; До 1917 года";"high";"Печатный путеводитель, описание современников; текст сверен со сканом. Цифры и оценки — на то время."
"s10";"ДОКЛАД50";"Документы и статистика";"Доклад председателя горисполкома И. Ш. Логака к 100-летию города Николаевска-на-Амуре, август 1950 (приложение Е к сборнику «Руководители органов власти Нижнеамурья»)";"Цифры по городу на 1950 год: медицина, школы, учреждения, промышленность, бюджет, планы на 1951 год.";"Хронология; Руководители";"mid";"Официальный доклад того времени, с оценками эпохи: берём цифры и перечни. Цифры сверены со сканом; отдельные неточности в докладе (например, срок открытия кинотеатра) оговорены в записях."
"s11";"КОВАЛЬЧУК";"Статьи, очерки и справки";"М. А. Ковальчук, доктор исторических наук. «Николаевск-на-Амуре (историческая справка)» (издание в файле не указано)";"Численность населения, нэп-1920-х, дома по переписи 1923 года, кинотеатры, Многовершинный, демография 1959–2001.";"Хронология; Численность населения; Места памяти";"high";"Научная справка со ссылками на источники; ключевые записи сверены со сканом (стр. 12, 13, 21, 27). Территория в демографических данных не уточнена. Разобрано выборочно: 1920–1945 и демография; остальное — по мере необходимости. Для численности населения города это основной источник сайта (решение автора: при расхождениях с переписями следуем Ковальчуку)."
"s12";"ПРОФОБР";"Статьи, очерки и справки";"Справочный текст о системе профессионального образования на Дальнем Востоке, разделы об учебных заведениях Николаевска-на-Амуре (файл 26788499.pdf; название и издание в файле не указаны)";"История мореходного, медицинского, педагогического училищ, ПТУ № 12, судостроительного техникума: даты основания и переименований.";"Хронология; учебные заведения";"mid";"Справочный текст без выходных данных; ключевые даты сверены со сканом (мореходное и медицинское училища). Вероятно, лежит в основе части записей хронологии. Найдены расхождения, они показаны в записях."
"s13";"КМАЯК40";"Газеты";"Газета «Красный маяк» (орган Нижне-Амурского обкома и Николаевского ГК ВКП(б)): выпуски мая 1940 года (файлы из архива автора)";"Предвоенная весна: благоустройство и озеленение города, школьные испытания, связь с островом Байдукова.";"Хронология";"high";"Первичный источник, газета эпохи; факты и цифры сверены со сканом, мелкий шрифт помечен. Разобрано 2 страницы из 52."
"s14";"МОРЯК41";"Газеты";"Газета «Дальневосточный моряк» – орган политотдела и порткоммора Николаевского-на-Амуре морского пароходства: 45 номеров с 4 января по 23 июня 1941 года (электронные копии Научной библиотеки Томского государственного университета, файлы из архива автора)";"Порт, флот и жизнь моряков накануне войны: подготовка к навигации, итоги навигации 1940 года, открытие навигации 12–16 мая 1941 года, судоремонт, школа морского ученичества, клуб, парк, спорт, митинги 22–23 июня 1941 года.";"Хронология; Улицы";"high";"Первичный источник, ведомственная газета с производственным и партийным языком; оценки принадлежат авторам заметок, берём факты, даты и числа. Текстовый слой OCR неточен, поэтому ключевые числа сверены со сканами страниц. Номера 4, 8, 9, 10 и 19 в подшивке отсутствуют."
"s15";"КМАЯК42";"Газеты";"Газета «Красный маяк» (орган Нижне-Амурского обкома ВКП(б) и горкома): выпуски декабря 1941 – января 1942 года (электронная копия из Научной библиотеки Томского государственного университета, файлы из архива автора)";"Военная зима 1941/42: сборы для фронта (вещи, деньги, облигации), соревнование, ремонт жилья, местная промышленность, сессия облсовета.";"Хронология";"high";"Первичный источник (газета эпохи, с официальной риторикой): берём факты и цифры; ключевые записи сверены со сканом. Разобрано 4 выпуска из 22 (№ 14, 15, 16, 19)."
"s16";"";"Газеты";"«Из истории Николаевска-на-Амуре (1850–1917 гг.)»: очерк в газете «Ленинское знамя», 1963 год (публикация с продолжениями, по материалам краеведческого музея; вырезки из архива автора)";"Жизнь рабочих, коренных народов и горожан до 1917 года: заработки, условия труда, здоровье, забастовка 1906 года; пересказ слов А. П. Чехова.";"До 1917 года";"mid";"Советский очерк 1963 года: много оценочных формулировок, ссылки на первоисточники в тексте не даны. Цифры и факты сверены со сканом (страницы 5, 17, 18), остальное — по OCR. В разделе «До 1917 года» оценки подписаны."
"s17";"ЧНЫРРАХ";"Статьи, очерки и справки";"«Историческая справка рыбозавода Чныррах Нижне-Амурского рыбокомбината» (вырезка из архива автора; подпись директора В. Ракова; дата публикации не указана)";"История рыбного промысла и рыбозавода Чныррах, 1924–1970: директора, реорганизации, продукция, награды.";"Хронология; посёлок Чныррах";"mid";"Историческая справка предприятия, составленная по его архивам; даты до 1931 года — со слов старожилов. Текст сверен с изображением вырезки."
"s18";"";"Архивы и путеводители по фондам";"Опись (перечень) фондов Муниципального архива Николаевского района (файл «Опись по фондам.xls»; веб-копия сайта архива archivnikol.ru, 2019)";"Названия организаций города и района и годы документов их архивных фондов; цепочки прежних и последующих названий.";"Предприятия и учреждения (архив организаций)";"high";"Официальный перечень архива: названия и годы документов надёжны как перечень фондов, но годы — это годы сохранившихся документов, а не даты создания и закрытия организаций."
"s19";"КАЛЕНДАРЬ13";"Книги, указатели, сборники";"«Знаменательные и памятные даты Хабаровского края в 2013 году»: календарь-указатель. Хабаровск: Дальневосточная государственная научная библиотека, 2012";"Даты событий и людей края, в том числе Николаевска-на-Амуре и района (1918, 1928, 1943, 1948, 1953, 1988 и др.).";"Хронология; Места памяти";"high";"Библиографический календарь научной библиотеки: у каждой записи указан первоисточник. Месяцы определены по заголовкам страниц; две записи (сентябрь 1918, сентябрь 1953) сверены со сканом."
"s20";"САЛЕЕВА";"Статьи, очерки и справки";"Л. В. Салеева. Николаевские события в архивных документах (1920–1922 гг.): статья о сборнике «Николаевск-на-Амуре. Страницы истории» (Госархив Хабаровского края, 2015)";"События 1920–1922 годов: договор о нейтралитете, бои марта 1920 года, эвакуация и разрушение города, японское управление, передача города ДВР.";"Хронология; 1920–1922 годы";"mid";"Статья сотрудника архива с цитатами из документов (фонд Р-1181 и др.); оценки принадлежат автору статьи. Текст сверен со сканом; журнал и год выхода статьи в файле не указаны."
"s21";"РАЙОНСПРАВКА";"Сайты и открытые данные";"Историческая справка на сайте администрации Николаевского муниципального района";"Даты и числа по истории города и района, 1850–2003; границы и площади.";"Хронология; сверка дат";"mid";"Справка органа местного самоуправления без ссылок на источники; отдельные даты расходятся с другими источниками (например, судоверфь), такие расхождения показаны в примечаниях. Сверена со снимком страницы."
"s22";"МУЗЕЙ26";"Сайты и открытые данные";"Сайт музея им. В. Е. Розова: «История музея» и «Хронология музея»";"История музея с 1858 года, его директора, посещаемость и число экспонатов в 1946–1966 годах.";"Хронология; история музея";"mid";"Официальные страницы музея; «Хронология» составлена по отчётам музея, у части чисел есть оговорки «по другим данным». Числа сверены со снимком страницы."
"s23";"ПУТЕВ04";"Архивы и путеводители по фондам";"Путеводитель по фондам Государственного архива Хабаровского края и его филиала в городе Николаевске-на-Амуре, т. 2, 2004: описание фонда Ф. П-358";"Дата создания и состав Николаевского уездного комитета ВКП(б), число ячеек и членов на 1 октября 1925 года.";"Хронология; партийные и советские органы";"high";"Архивный справочник; страница сайта, текст по OCR."
"s24";"";"Книги, указатели, сборники";"Николаевску-на-Амуре – 165: библиографический указатель литературы. Хабаровск: ДВГНБ, 2015";"Список из 225 книг и статей о городе; продолжает указатель 1990 года.";"Поиск литературы";"mid";"Сам фактов не содержит; служит списком литературы для поиска источников (в том числе по 1920 году)."
"s25";"";"Источники до 1917 года";"Труды 1-го съезда врачей Приамурского края, 23–28 августа 1913 года. Хабаровск, 1914, с. 109–124: доклад городового врача М. Н. Каценеленбогена";"Санитарное и врачебное состояние Николаевска и района в 1901–1913 годах: больница, эпидемии, положение коренных жителей.";"До 1917 года";"high";"Доклад современника-врача, с числами; оценки принадлежат автору доклада. Текст файла проверен (старая орфография)."
"s26";"";"Источники до 1917 года";"К. К. Куртеев. Итоги шестилетнего товарного движения через Николаевский морской и речной порт // Записки Приамурского отдела Императорского Русского географического общества, т. VII, вып. I. Хабаровск, 1909";"Грузооборот порта в 1901–1906 годах: ввоз, вывоз, доля иностранных товаров.";"До 1917 года";"high";"Доклад 1907 года по официальным отчётам управления водных путей; числа даны автором, часть итогов пересчитана им."
"s27";"";"Источники до 1917 года";"Адрес-календарь и Торгово-Промышленный Указатель Дальнего Востока (сост. И. С. Кларк, Иркутск, 1911, вып. VII, с. 164–172) и Сибирский торгово-промышленный ежегодник 1913 года (с. 278–279)";"Справочные сведения о Николаевске накануне революции: учреждения, школы, газеты, население, городской бюджет.";"До 1917 года";"mid";"Коммерческие справочники; численность жителей округлена, у разных изданий числа различаются."
"s28";"УКАЗАТЕЛЬ90";"Книги, указатели, сборники";"Николаевск-на-Амуре и Николаевский район: библиографический указатель. Николаевск-на-Амуре: Центральная городская библиотека; Хабаровская краевая научная библиотека, 1990";"Приложение «Хронология» (с. 142–150): памятники, мемориальные доски, переименования улиц, газеты и другие даты 1913–1989 годов; список местных газет (с. 176); подписанные снимки.";"Хронология; Места памяти; Улицы говорят";"high";"Справочное издание библиотек, изданное в 1990 году; многие записи хронологии автора проекта совпадают с ним. Тексты сверены со сканами; у части записей год не повторён (они отнесены по порядку) — это отмечено в примечаниях."
"s29";"КОНФ19";"Книги, указатели, сборники";"«Хоровое исполнительство на Дальнем Востоке. История. События. Люди»: материалы научно-практической конференции, вып. 3. Хабаровск: Дом народного творчества, 2019";"Очерк о Николаевском Академическом хоре и его руководителе Л. Е. Баевой (1960-е — 2017).";"Хронология; хор";"mid";"Публикация к юбилею, написанная педагогом; годы вычислены по фразам текста, точной даты основания нет."
"s30";"РУКОВ";"Книги, указатели, сборники";"Информационный сборник «Руководители органов власти Нижнеамурья» (по материалам краеведческого музея им. В. Е. Розова и филиала госархива Хабаровского края в Николаевске-на-Амуре; год издания в файле не указан; размещён на сайте Муниципального архива Николаевского района, archivnikol.ru, раздел «Из истории района»)";"Административные изменения (округ, область, районы), списки руководителей (страница «Руководители Нижнеамурья»), справочные цифры.";"Руководители Нижнеамурья; Хронология; Места памяти";"high";"Составлен по архивным и музейным материалам; списки сверены со сканом. Вероятно, это основа многих записей исходной хронологии; использованы приложения Г (район в 1935–1939 годах) и Е (доклад 1950 года); биографии председателей ещё не разобраны."
"s31";"АРХИВ";"Архивы и путеводители по фондам";"Муниципальный архив Николаевского района: исторические справки к фондам (материалы «От Архива»)";"История местной печати («Красный Усть-Амурец», «Красный маяк», «Амурский Маяк», «Ленинское знамя», «Амурский Лиман»).";"Хронология; местная печать";"high";"Справки архивистов; используются даты и названия, без оценок. Реестр организаций из тех же материалов пока не использован."
"s32";"КНИГА90";"Книги, указатели, сборники";"«На крайнем Востоке России». Николаевск-на-Амуре: судостроительный завод, Приамурский филиал Географического общества СССР, 1990 (скан из архива автора)";"История и люди судостроительного завода; пока две записи и два уточнения (история завода, 1940–1960; список директоров, 1942–1986).";"Хронология; судостроительный завод";"mid";"Печатное издание завода; отдельные факты берутся со сверкой по скану. Разбор книги продолжается."
"s33";"ОГОНЬ";"Книги, указатели, сборники";"«Братья по огню»: история пожарной охраны Хабаровского края, раздел «Николаевск-на-Амуре» (файл из архива автора; выходные данные в файле не указаны)";"История городской пожарной команды: пожар мая – июня 1920 года, довоенные и послевоенные даты.";"Хронология";"mid";"Краеведческая книга; берём даты и названия, оценок не берём. Разобрано выборочно: пока одна запись и одно уточнение."
