"id";"place";"name";"was";"when";"why";"source";"events";"street";"memorials"
"s01";"Город";"улица Кантера";"Кооперативная улица";"23 марта 1935";"Постановление Президиума Далькрайисполкома № 386. Оскар Кристапович Кантер в 1934–1935 годах был председателем исполкома Нижнеамурской области, первым в её истории. В 1977 году на углу улиц Кантера и Советской ему открыли памятник. В 1941 году улица уже носила это имя: газета «Дальневосточный моряк» называет общежитие по улице Кантера, 4 и трёхэтажное здание пароходства на улице Кантера.";"Библиографический указатель «Николаевск-на-Амуре и Николаевский район» (1990), с. 143 и 147; сборник «Руководители органов власти Нижнеамурья»; газета «Дальневосточный моряк», 1941";"1096 1058 1158 1159";"улица Кантера";"m15"
"s02";"Город";"улица Невельского";"улица имени Красина";"13 августа 1950";"В день столетия города, «в ознаменование выдающихся заслуг основателя города Г. И. Невельского и его сподвижников» (формулировка указателя). До 1950 года название ещё было в ходу: в мае 1941 года газета «Дальневосточный моряк» пишет о буфете в павильоне на улице Красина.";"Библиографический указатель «Николаевск-на-Амуре и Николаевский район» (1990), с. 144; газета «Дальневосточный моряк», 1941";"1099 1159";"улица Невельского";"m03 m18"
"s03";"Город";"улица Бошняка";"прежнее название в источнике не указано";"13 августа 1950";"Вместе с улицей Чихачёва получила имя сподвижника Г. И. Невельского (в посёлке судостроительной верфи). Николай Константинович Бошняк – участник Амурской экспедиции; в 1980 году на улице Бошняка открыта мемориальная доска.";"Библиографический указатель «Николаевск-на-Амуре и Николаевский район» (1990), с. 144 и 147";"1099 1109";"улица Бошняка";"m16"
"s04";"Город";"улица Чихачёва";"прежнее название в источнике не указано";"13 августа 1950";"Одна из двух улиц в посёлке судостроительной верфи, названных именами сподвижников Г. И. Невельского. В указателе приведена только фамилия – Чихачёв.";"Библиографический указатель «Николаевск-на-Амуре и Николаевский район» (1990), с. 144";"1099";"улица Чихачёва";""
"s05";"Город";"улица Попова";"Ремесленная улица";"13 марта 1965";"К 20-летию Победы и «в память о подвиге Героя Советского Союза Г. Е. Попова». В канун 30-летия Победы (1975) на улице открыта мемориальная доска; тогда же, к 30-летию Победы, сейнеру Николаевского судостроительного завода присвоено имя «Георгий Попов». В 1970 году имя Героя Советского Союза Георгия Евдокимовича Попова получил военно-спортивный лагерь «Подвиг» (по инициалам и званию, вероятно, тот же человек). О самом подвиге и связи Попова с Николаевском наши источники пока молчат.";"Библиографический указатель «Николаевск-на-Амуре и Николаевский район» (1990), с. 145 и 147; запись хронологии о лагере «Подвиг»";"1100 1107 474";"улица Попова";"m12"
"s06";"Город";"улица 30-летия Победы";"Загородняя улица";"13 марта 1975";"К 30-летию Победы в Великой Отечественной войне. В тот же день центральной площади, примыкающей к районному Дому культуры и гостинице «Север» на Пионерской улице, присвоено название «Площадь Победы». В OpenStreetMap название записано двумя способами: «улица 30-летия Победы» и «улица 30 лет Победы».";"Библиографический указатель «Николаевск-на-Амуре и Николаевский район» (1990), с. 147";"1107 529";"улица 30-летия Победы|улица 30 лет Победы";""
"s07";"Город";"Советская улица";"часть улицы называлась проспектом Невельского";"год переименования в источниках не найден";"По указателю, в 1915 году торжественно открылся иллюзион «Модерн» на проспекте Невельского («так тогда называлась часть нынешней улицы Советской»); с 1925 года в этом здании находился Промстройбанк.";"Библиографический указатель «Николаевск-на-Амуре и Николаевский район» (1990), с. 142";"";"Советская улица";""
"s08";"Красное";"улица Хохлова";"";"1974 или 1979 (в хронологии эта запись стоит под обоими годами)";"Главная улица села Красное – улица Хохлова – названа в честь первооткрывателя золоторудного месторождения Многовершинного.";"Хронология автора (записи о селе Красное); годы нужно сверить";"516 583";"";""
"s09";"Красное";"улица Дарбиняна";"";"1974 или 1979 (в хронологии эта запись стоит под обоими годами)";"Улица в районе Самоцветов названа в честь начальника экспедиции «Далькварцсамоцветы», почётного гражданина города Николаевска-на-Амуре Сурена Саркисовича Дарбиняна.";"Хронология автора (записи о селе Красное); годы нужно сверить";"454 516 583";"";""
"s10";"Красное";"улица Клубная";"название в источнике не названо";"1967 (по очерку и книге Салиховой – 1968)";"Первая улица села из просторных двухквартирных брусовых домов, построенная, когда Нижне-Амурская экспедиция переезжала в Красное; ныне – улица Клубная.";"Хронология автора (записи о селе Красное); аннотации по очерку и книге Салиховой";"453";"";""
"s11";"Маго (Овсяное Поле)";"улица Студенческая";"";"1972";"Первую улицу в микрорайоне Овсяное Поле назвали Студенческой: в 1972 году сюда прибыл студенческий стройотряд возводить жилые дома.";"Хронология автора (записи о Маго)";"493";"";""
