id;год;в главе?;заголовок;начало записи;ИСТОЧНИК (заполнить);проверено (да/нет);замечание
636;1986;да;Первый «Мобиль» на улице Сибирской;Принят в эксплуатацию первый панельный 90-квартирный жилой дом серии «Мобиль» (по ул. Сибирской 130).;;;
637;1986;да;Бассейн судостроительного завода;Открылся плавательный бассейн Судостроительного завода.;;;
638;1986;да;Углекислотная станция для сварки;На судостроительном заводе введена в эксплуатацию углекислотная станция производительностю 2,4 тонн углекислоты в сутки (инициатором и орган;;;
639;1986;да;Школа № 5 — 1 400 учащихся;Начала свою работу школа № 5. Была организована в результате слияния двух школ: восьмилетней школы № 13 и средней школы № 2 и насчитывала 14;;;
640;1986;;;Сданы в эксплуатацию первые благоустроенные двухквартирные деревянные дома. В одном из них разместился клуб.;;;
641;1986;да;Новая школа в Многовершинном;В п. Многовершинный С первого сентября 1987 г. мы перешли в здание современной школы, построенной по проекту ленинградских архитекторов. Дир;;;
642;1986;;;В с. Красное выделен земельный участок на строительство благоустроенного общежития в 57 мест.;;;
643;1986;да;Красное: микрорайон «Самоцветы» и музей экспедиции;В с. Красное в жилом микрорайоне “Самоцветы” появились: двухэтажное здание конторы экспедиции “Далькварцсамоцветы”, производственного цеха п;;;
1027;1986;;;"В Нижне-Амурской экспедиции работают 927 человек; все работники обеспечены жильём разной комфортности и рассчитывают на улучшение жилищных у";;;
1062;1986;;;В связи со строительством Нижнеамурского горно-обогатительного комбината в 1986 году введена 186-километровая ЛЭП-110 — самая северная в Хаб;;;
644;1987;да;Четвёртый турбоагрегат ТЭЦ;Введён в эксплуатацию четвёртый турбоагрегат Николаевской ТЭЦ.;;;
645;1987;да;Плавучий кормозавод для птицесовхоза;Построен и спущен на воду плавучий кормозавод по выработке витаминной муки для Николаевского птицесовхоза. Таких кормозаводов было два в ССС;;;
646;1987;да;Спорткомплекс в морском порту;В морском порту открылся спорткомплекс из трёх залов.;;;
647;1988;да;Котёл № 6 ТЭЦ;Введён в эксплуатацию новый энергоблок (котёл № 6) Николаевской ТЭЦ.;;;
648;1988;;;Районный узел связи объединил РУС, ЭТУС, транспортную контору.;;;
649;1988;да;Первые блоки из арболита;На Николаевском деревообрабатывающем комбинате подготовлены первые блоки из арболита.;;;
650;1988;да;Завершена вторая очередь ТЭЦ;Завершилось строительство 2-й очереди Николаевской ТЭЦ высокого давления: монтаж турбины, котлов, расширение склада мазута и строительство Л;;;
651;1988;да;Нижнеамурстрой;Создано проектно-строительное объединение Нижнеамурстрой (на базе строительного треста № 23).;;;
652;1988;да;Цеолиты у Иннокентьевки;Начата разработка цеолитов Нижне-Амурской геолого-разведочной экспедицией в 25-ти км. от с. Иннокентьевка.;;;
653;1988;да;Детский сад «Кораблик»;Построен детский сад «Кораблик» на 280 мест с бассейном и зимним садом. С его вводом на судостроительном заводе ликвидирована очерёдность на;;;
654;1988;да;Блок-модули для Вьетнама;Построен и отправлен головной комплект блок-модулей верхних строений стационарных буровых установок для Демократической Республики Вьетнам.;;;
655;1988;да;Красное: ясли, школа, оздоровительный комплекс;В с. Красное открыт детский сад-ясли № 18, рассчитанные на 90 мест. Сад-ясли № 23 на тот момент посещали 125 детей. Построено здание начальн;;;
656;1988;;;В с. Красное построен водно-оздоровительный комплекс.;;;
658;1988;да;Итоги десяти лет: баржи, танкер, дамба;К 1989 г. за 10 лет на Судостроительном заводе построено 11 тысячетонных барж-площадок проекта 942, 3 бункерные баржи, самоходный танкер про;;;
659;1988;;;Касательно социального развития коллектива, улучшения условий труда и быта работников. Судостроители имеют 5 дошкольных учреждений на 900 ме;;;
660;1989;да;Школа на 900 мест — на месте сгоревшей;Начато строительство новой четырёхэтажной школы на 900 мест, на месте сгоревшей школы № 10 – будущая школа № 2.;;;
661;1989;;;Численность населения 46,7 тыс. человек. Население города непрерывно растет. Рождаемость по Николаевскому району и городу Николаевску-на-Аму;;;
662;1989;да;24 вида товаров народного потребления;Заводом выпускается 24 вида товаров народного потребления на 1,98 миллиона рублей (дачные домики, обеденные столы, бельевые шкафы с антресол;;;
663;1989;;;Из свинарника при ССЗ (созданном по Постановлению пленума ЦК КПСС о создании необходимых подсобных хозяйств при пром. предприятиях) населени;;;
664;1989;да;Рекордное число студентов;В трех средних специальных ученых заведениях( в техникуме, медицинском и педагогическом училищах) обучалось рекордное число студентов – 1174;;;
665;1989;;;Создано многоотраслевое производственное предприятие жилищно-коммунального хозяйства, объединившее предприятия: ККПиБ, управление водопровод;;;
666;1989;;;Создан единый строительный комплекс из коллективов архитектурно-планировочной мастерской и проектно-строительного объединения Нижнеамурстрой;;;
667;1989;;;При электромонтажном цехе судостроительного завода создан МЖСК.;;;
668;1989;да;Мост через Лигу;На трассе, соединяющей г. Николаевск-на-Амуре и пос. Многовершинный, построен автодорожный мост через р. Лигу протяжённостью 65 м. С вводом ;;;
669;1989;да;Маго: комплексное предприятие вместо рейда;В Маго создано Нижнеамурское комплексное предприятие (бывший рейд морской сплотки).;;;
670;1989;да;Чля: детсад и школа в одном здании;В с. Чля было построено двухэтажное кирпичное здание , в котором находился детский сад, позднее разместилась средняя школа. В начале 90-х го;;;
671;1989;да;Озерпах в 1989 году;В Озерпахе 590-600 жителей, включая сезонников: 140 пенсионеров, 172 ребенка, 270-230 человек – работающих. На его территории 2 предприятия ;;;
672;1989;да;Новый рыбозавод в Пуире;В с. Пуир создан новый межколхозный рыбозавод.;;;
673;1989;да;Красное: котельная и ЛЭП;В с. Красное для работы на жидком топливе реконструирована котельная. Посёлок получил гарантированное тепло, сумрачная, закоптелая кочегарка;;;
1061;1989;;;"По М. А. Ковальчуку, в Николаевске-на-Амуре жило 38,9 тыс. человек в 1959 году, 42,8 тыс. в 1979-м и 46,7 тыс. в 1989-м; в 1991 году — 46,1 ";;;
674;1990;да;ТЭЦ: мощности достроены;Завершено строительство основных мощностей Николаевской ТЭЦ – базисный склад мазута расширен до 160 тысяч тонн. В результате реконструкции и;;;
675;1990;да;Новые специальности техникума;В Судостроительном техникуме В 1990 году открываются специальности для строительной отрасли: «Строительство зданий и сооружений», «Технологи;;;
676;1990;да;Кинопредприятие;Создано Николаевское-на-Амуре кинопредприятие.;;;
677;1990;;;На ССЗ происходит реконструкция свинофермы, строится новый кормоцех, проектируется строительство свинокомплекса на 1000 голов с цехом перера;;;
678;1990;;;В трех средних специальных ученых заведениях( в техникуме, медицинском и педагогическом училищах) обучалось рекордное число студентов – 1174;;;
679;1990;да;Коррекционный детский дом;Открылся коррекционный детский дом № 2 (ныне № 5) для детей – сирот и детей, оставшихся без попечения родителей.;;;
680;1990;да;Программа жилья до 2000 года;На ССЗ разработана программа строительства благоустроенного жилья до 2000 г. В ней предусматривалось с 1991 г. сдавать по два крупнопанельны;;;
681;1990;да;Планы: ПТУ, Дворец культуры и колхоз имени Блюхера;Запланировано строительство ПТУ на 700 учащихся с благоустроенными общежитиями, мастерскими, учебными и спортивными корпусами, Дворец культу;;;
682;1990;да;Музыкальная школа в Константиновке;Филиал Николаевской-на-Амуре музыкальной школы открылся в с. Константиновка (район). К началу 1990-х в селе располагались крупнейшее в район;;;
683;1990;;;В селе Красное летом на расширенном педагогическом совете при председателе исполкома сельского совета А. М. Волкове и начальнике Нижне-Амурс;;;
685;1990;;;Почти за 30 лет работы, вечерний техникум закончили 495 рабочих судостроительного завода.К 1990 году, почти за 30 лет работы, вечерний техни;;;
686;1990;;;К началу 1990-х в селе Константиновка располагались крупнейшее в районе лесозаготовительное предприятие, несколько лесоперерабатывающих, цех;;;
687;1990;;;По итогам переписи в г. Николаевске-на-Амуре и Николаевском районе проживало 56 тысяч человек.;;;
1033;1990;;;В предвыборной беседе с газетой кандидат в депутаты городского Совета А. А. Крюков, заведующий детской поликлиникой центральной районной бол;;;
1041;1990;;;Заметка «Результаты более чем скромны» о заготовке кормов: предприятиям и организациям района (авиапредприятие, ПСО «Нижнеамурстрой», морско;;;
688;1991;да;ПТУ: новые специальности;Расширен спектр специальностей, по которым готовит специалистов ПТУ: сборщики корпусов металлических судов, электросварщики, столяры, плотни;;;
689;1991;да;Начальная школа № 6;Открылась начальная школа № 6.;;;
690;1991;да;Судостроение и судоремонт — до половины промышленности;Судоремонт и судостроение являются ведущими отраслями города. На их долю (вместе с Николаевскрой РЭБ флота АУРПа) приходится до 50% всего об;;;
691;1991;да;Музыкальная школа в Лазареве;В пос. Лазарев открыта детская музыкальная школа.;;;
692;1991;да;Новое СПТУ на 720 мест;Начато строительство нового СПТУ на 720 мест. В нём были предусмотрены учебный, общественно-бытовой корпуса, мастерские с современным оборуд;;;
693;1991;да;Первое золото;Золотоизвлекательная фабрика дала первое золото.;;;
695;1991;;;С вводом второй очереди ТЭЦ увеличилось производство электрической энергии. Завершено строительство ЛЭП, обеспечивающей поступление электроэ;;;
696;1991;да;Первый в крае детсад для детей-инвалидов;Был открыт первый в крае детский сад для детей-инвалидов. Построен ряд типовых школ. Первой построили школу в р.п.Лазарев, затем в р.п.Маго,;;;
697;1991;да;Пять школ искусств и два филиала;Период активного формирования системы дополнительного художественного образования в Николаевском районе начался с середины 1970-х гг. и заве;;;
698;1991;да;Порт и теплоход до Хабаровска;Морской порт был весьма загружен, на рейде всегда стояло много морских судов, в том числе и иностранных. Здесь находилась база по снабжению ;;;
